Workbook

Sheet Total Metrics
A1: SUMMARY
A2: Emails Sent | B2: =AA11+AA17+AA23+AA29 -> 0 | C2: Includes Initial Emails & Reminders
A3: Emails Delivered | B3: =AA12+AA18+AA24+AA30 -> 0 | C3: Includes Initial Emails & Reminders
A4: Emails Opened | B4: =AA13+AA19+AA25+AA31 -> 0 | C4: Includes Initial Emails & Reminders
A5: Emails Clicked | B5: =AA14+AA20+AA26+AA32 -> 0 | C5: Includes Initial Emails & Reminders
A6: Texts Sent | B6: =AA15+AA21+AA27+AA33 -> 0 | C6: Includes Initial Text & Reminders
A7: Texts Delivered | B7: =AA16+AA22+AA28+AA34 -> 0 | C7: Includes Initial Text & Reminders
A9: Campaign Name
A10: Language | B10: Notification Type | C10: Metric | D10: ='Granular Metrics'!D2 | E10: ='Granular Metrics'!E2 | F10: ='Granular Metrics'!F2 | G10: ='Granular Metrics'!G2 | H10: ='Granular Metrics'!H2 | I10: ='Granular Metrics'!I2 | J10: ='Granular Metrics'!J2 | K10: ='Granular Metrics'!K2 | ... Z10: ='Granular Metrics'!Z2 | AA10: TOTAL Consent A + B | AB10: TOTAL Percentages
A11: English | B11: Email | C11: Sent | D11: ='Granular Metrics'!D3 -> 0 | E11: ='Granular Metrics'!E3 | F11: ='Granular Metrics'!F3 | G11: ='Granular Metrics'!G3 | H11: ='Granular Metrics'!H3 | I11: ='Granular Metrics'!I3 | J11: ='Granular Metrics'!J3 | K11: ='Granular Metrics'!K3 | ... Z11: ='Granular Metrics'!Z3 | AA11: =SUM(D11:Z11) -> 0 | AB11: =AA11/AA11 -> #DIV/0!
C12: Delivered | D12: ='Granular Metrics'!D4 -> 0 | E12: ='Granular Metrics'!E4 | F12: ='Granular Metrics'!F4 | G12: ='Granular Metrics'!G4 | H12: ='Granular Metrics'!H4 | I12: ='Granular Metrics'!I4 | J12: ='Granular Metrics'!J4 | K12: ='Granular Metrics'!K4 | ... Z12: ='Granular Metrics'!Z4 | AA12: =SUM(D12:Z12) -> 0 | AB12: =AA12/AA11 -> #DIV/0!
C13: Opened | D13: ='Granular Metrics'!D5 -> 0 | E13: ='Granular Metrics'!E5 | F13: ='Granular Metrics'!F5 | G13: ='Granular Metrics'!G5 | H13: ='Granular Metrics'!H5 | I13: ='Granular Metrics'!I5 | J13: ='Granular Metrics'!J5 | K13: ='Granular Metrics'!K5 | ... Z13: ='Granular Metrics'!Z5 | AA13: =SUM(D13:Z13) -> 0 | AB13: =AA13/AA11 -> #DIV/0!
C14: Clicked | D14: ='Granular Metrics'!D6 -> 0 | E14: ='Granular Metrics'!E6 | F14: ='Granular Metrics'!F6 | G14: ='Granular Metrics'!G6 | H14: ='Granular Metrics'!H6 | I14: ='Granular Metrics'!I6 | J14: ='Granular Metrics'!J6 | K14: ='Granular Metrics'!K6 | ... Z14: ='Granular Metrics'!Z6 | AA14: =SUM(D14:Z14) -> 0 | AB14: =AA14/AA11 -> #DIV/0!
B15: Text | C15: Sent | D15: ='Granular Metrics'!D7 -> 0 | E15: ='Granular Metrics'!E7 | F15: ='Granular Metrics'!F7 | G15: ='Granular Metrics'!G7 | H15: ='Granular Metrics'!H7 | I15: ='Granular Metrics'!I7 | J15: ='Granular Metrics'!J7 | K15: ='Granular Metrics'!K7 | ... Z15: ='Granular Metrics'!Z7 | AA15: =SUM(D15:Z15) -> 0 | AB15: =AA15/AA15 -> #DIV/0!
C16: Delivered | D16: ='Granular Metrics'!D8 -> 0 | E16: ='Granular Metrics'!E8 | F16: ='Granular Metrics'!F8 | G16: ='Granular Metrics'!G8 | H16: ='Granular Metrics'!H8 | I16: ='Granular Metrics'!I8 | J16: ='Granular Metrics'!J8 | K16: ='Granular Metrics'!K8 | ... Z16: ='Granular Metrics'!Z8 | AA16: =SUM(D16:Z16) -> 0 | AB16: =AA16/AA15 -> #DIV/0!
B17: Reminder Email | C17: Sent | D17: ='Granular Metrics'!D9 -> 0 | E17: ='Granular Metrics'!E9 | F17: ='Granular Metrics'!F9 | G17: ='Granular Metrics'!G9 | H17: ='Granular Metrics'!H9 | I17: ='Granular Metrics'!I9 | J17: ='Granular Metrics'!J9 | K17: ='Granular Metrics'!K9 | ... Z17: ='Granular Metrics'!Z9 | AA17: =SUM(D17:Z17) -> 0 | AB17: =AA17/AA17 -> #DIV/0!
C18: Delivered | D18: ='Granular Metrics'!D10 -> 0 | E18: ='Granular Metrics'!E10 | F18: ='Granular Metrics'!F10 | G18: ='Granular Metrics'!G10 | H18: ='Granular Metrics'!H10 | I18: ='Granular Metrics'!I10 | J18: ='Granular Metrics'!J10 | K18: ='Granular Metrics'!K10 | ... Z18: ='Granular Metrics'!Z10 | AA18: =SUM(D18:Z18) -> 0 | AB18: =AA18/AA17 -> #DIV/0!
C19: Opened | D19: ='Granular Metrics'!D11 -> 0 | E19: ='Granular Metrics'!E11 | F19: ='Granular Metrics'!F11 | G19: ='Granular Metrics'!G11 | H19: ='Granular Metrics'!H11 | I19: ='Granular Metrics'!I11 | J19: ='Granular Metrics'!J11 | K19: ='Granular Metrics'!K11 | ... Z19: ='Granular Metrics'!Z11 | AA19: =SUM(D19:Z19) -> 0 | AB19: =AA19/AA17 -> #DIV/0!
C20: Clicked | D20: ='Granular Metrics'!D12 -> 0 | E20: ='Granular Metrics'!E12 | F20: ='Granular Metrics'!F12 | G20: ='Granular Metrics'!G12 | H20: ='Granular Metrics'!H12 | I20: ='Granular Metrics'!I12 | J20: ='Granular Metrics'!J12 | K20: ='Granular Metrics'!K12 | ... Z20: ='Granular Metrics'!Z12 | AA20: =SUM(D20:Z20) -> 0 | AB20: =AA20/AA17 -> #DIV/0!
B21: Reminder Text | C21: Sent | D21: ='Granular Metrics'!D13 -> 0 | E21: ='Granular Metrics'!E13 | F21: ='Granular Metrics'!F13 | G21: ='Granular Metrics'!G13 | H21: ='Granular Metrics'!H13 | I21: ='Granular Metrics'!I13 | J21: ='Granular Metrics'!J13 | K21: ='Granular Metrics'!K13 | ... Z21: ='Granular Metrics'!Z13 | AA21: =SUM(D21:Z21) -> 0 | AB21: =AA21/AA21 -> #DIV/0!
C22: Delivered | D22: ='Granular Metrics'!D14 -> 0 | E22: ='Granular Metrics'!E14 | F22: ='Granular Metrics'!F14 | G22: ='Granular Metrics'!G14 | H22: ='Granular Metrics'!H14 | I22: ='Granular Metrics'!I14 | J22: ='Granular Metrics'!J14 | K22: ='Granular Metrics'!K14 | ... Z22: ='Granular Metrics'!Z14 | AA22: =SUM(D22:Z22) -> 0 | AB22: =AA22/AA21 -> #DIV/0!
B23: Email | C23: Sent | D23: ='Granular Metrics'!D19 -> 0 | E23: ='Granular Metrics'!E19 | F23: ='Granular Metrics'!F19 | G23: ='Granular Metrics'!G19 | H23: ='Granular Metrics'!H19 | I23: ='Granular Metrics'!I19 | J23: ='Granular Metrics'!J19 | K23: ='Granular Metrics'!K19 | ... Z23: ='Granular Metrics'!Z19 | AA23: =SUM(D23:Z23) -> 0 | AB23: =AA23/AA23 -> #DIV/0!
C24: Delivered | D24: ='Granular Metrics'!D20 -> 0 | E24: ='Granular Metrics'!E20 | F24: ='Granular Metrics'!F20 | G24: ='Granular Metrics'!G20 | H24: ='Granular Metrics'!H20 | I24: ='Granular Metrics'!I20 | J24: ='Granular Metrics'!J20 | K24: ='Granular Metrics'!K20 | ... Z24: ='Granular Metrics'!Z20 | AA24: =SUM(D24:Z24) -> 0 | AB24: =AA24/AA23 -> #DIV/0!
C25: Opened | D25: ='Granular Metrics'!D21 -> 0 | E25: ='Granular Metrics'!E21 | F25: ='Granular Metrics'!F21 | G25: ='Granular Metrics'!G21 | H25: ='Granular Metrics'!H21 | I25: ='Granular Metrics'!I21 | J25: ='Granular Metrics'!J21 | K25: ='Granular Metrics'!K21 | ... Z25: ='Granular Metrics'!Z21 | AA25: =SUM(D25:Z25) -> 0 | AB25: =AA25/AA23 -> #DIV/0!
C26: Clicked | D26: ='Granular Metrics'!D22 -> 0 | E26: ='Granular Metrics'!E22 | F26: ='Granular Metrics'!F22 | G26: ='Granular Metrics'!G22 | H26: ='Granular Metrics'!H22 | I26: ='Granular Metrics'!I22 | J26: ='Granular Metrics'!J22 | K26: ='Granular Metrics'!K22 | ... Z26: ='Granular Metrics'!Z22 | AA26: =SUM(D26:Z26) -> 0 | AB26: =AA26/AA23 -> #DIV/0!
B27: Text | C27: Sent | D27: ='Granular Metrics'!D23 -> 0 | E27: ='Granular Metrics'!E23 | F27: ='Granular Metrics'!F23 | G27: ='Granular Metrics'!G23 | H27: ='Granular Metrics'!H23 | I27: ='Granular Metrics'!I23 | J27: ='Granular Metrics'!J23 | K27: ='Granular Metrics'!K23 | ... Z27: ='Granular Metrics'!Z23 | AA27: =SUM(D27:Z27) -> 0 | AB27: =AA27/AA27 -> #DIV/0!
C28: Delivered | D28: ='Granular Metrics'!D24 -> 0 | E28: ='Granular Metrics'!E24 | F28: ='Granular Metrics'!F24 | G28: ='Granular Metrics'!G24 | H28: ='Granular Metrics'!H24 | I28: ='Granular Metrics'!I24 | J28: ='Granular Metrics'!J24 | K28: ='Granular Metrics'!K24 | ... Z28: ='Granular Metrics'!Z24 | AA28: =SUM(D28:Z28) -> 0 | AB28: =AA28/AA27 -> #DIV/0!
B29: Reminder Email | C29: Sent | D29: ='Granular Metrics'!D25 -> 0 | E29: ='Granular Metrics'!E25 | F29: ='Granular Metrics'!F25 | G29: ='Granular Metrics'!G25 | H29: ='Granular Metrics'!H25 | I29: ='Granular Metrics'!I25 | J29: ='Granular Metrics'!J25 | K29: ='Granular Metrics'!K25 | ... Z29: ='Granular Metrics'!Z25 | AA29: =SUM(D29:Z29) -> 0 | AB29: =AA29/AA29 -> #DIV/0!
C30: Delivered | D30: ='Granular Metrics'!D26 -> 0 | E30: ='Granular Metrics'!E26 | F30: ='Granular Metrics'!F26 | G30: ='Granular Metrics'!G26 | H30: ='Granular Metrics'!H26 | I30: ='Granular Metrics'!I26 | J30: ='Granular Metrics'!J26 | K30: ='Granular Metrics'!K26 | ... Z30: ='Granular Metrics'!Z26 | AA30: =SUM(D30:Z30) -> 0 | AB30: =AA30/AA29 -> #DIV/0!
C31: Opened | D31: ='Granular Metrics'!D27 -> 0 | E31: ='Granular Metrics'!E27 | F31: ='Granular Metrics'!F27 | G31: ='Granular Metrics'!G27 | H31: ='Granular Metrics'!H27 | I31: ='Granular Metrics'!I27 | J31: ='Granular Metrics'!J27 | K31: ='Granular Metrics'!K27 | ... Z31: ='Granular Metrics'!Z27 | AA31: =SUM(D31:Z31) -> 0 | AB31: =AA31/AA29 -> #DIV/0!
C32: Clicked | D32: ='Granular Metrics'!D28 -> 0 | E32: ='Granular Metrics'!E28 | F32: ='Granular Metrics'!F28 | G32: ='Granular Metrics'!G28 | H32: ='Granular Metrics'!H28 | I32: ='Granular Metrics'!I28 | J32: ='Granular Metrics'!J28 | K32: ='Granular Metrics'!K28 | ... Z32: ='Granular Metrics'!Z28 | AA32: =SUM(D32:Z32) -> 0 | AB32: =AA32/AA29 -> #DIV/0!
B33: Reminder Text | C33: Sent | D33: ='Granular Metrics'!D29 -> 0 | E33: ='Granular Metrics'!E29 | F33: ='Granular Metrics'!F29 | G33: ='Granular Metrics'!G29 | H33: ='Granular Metrics'!H29 | I33: ='Granular Metrics'!I29 | J33: ='Granular Metrics'!J29 | K33: ='Granular Metrics'!K29 | ... Z33: ='Granular Metrics'!Z29 | AA33: =SUM(D33:Z33) -> 0 | AB33: =AA33/AA33 -> #DIV/0!
C34: Delivered | D34: ='Granular Metrics'!D30 -> 0 | E34: ='Granular Metrics'!E30 | F34: ='Granular Metrics'!F30 | G34: ='Granular Metrics'!G30 | H34: ='Granular Metrics'!H30 | I34: ='Granular Metrics'!I30 | J34: ='Granular Metrics'!J30 | K34: ='Granular Metrics'!K30 | ... Z34: ='Granular Metrics'!Z30 | AA34: =SUM(D34:Z34) -> 0 | AB34: =AA34/AA33 -> #DIV/0!

Sheet Granular Metrics
A1: Campaign name
A2: Language | B2: Notification Type | C2: Metric | AA2: TOTALS | AB2: Percentages
A3: English | B3: Email | C3: Sent | D3: 0 | AA3: =SUM(D3:Z3) -> 0 | AB3: =AA3/AA3 -> #DIV/0!
C4: Delivered | D4: 0 | AA4: =SUM(D4:Z4) -> 0 | AB4: =AA4/AA3 -> #DIV/0!
C5: Opened | D5: 0 | AA5: =SUM(D5:Z5) -> 0 | AB5: =AA5/AA3 -> #DIV/0!
C6: Clicked | D6: 0 | AA6: =SUM(D6:Z6) -> 0 | AB6: =AA6/AA3 -> #DIV/0!
B7: Text | C7: Sent | D7: 0 | AA7: =SUM(D7:Z7) -> 0 | AB7: =AA7/AA$7 -> #DIV/0!
C8: Delivered | D8: 0 | AA8: =SUM(D8:Z8) -> 0 | AB8: =AA8/AA$7 -> #DIV/0!
B9: Reminder Email. | C9: Sent | D9: 0 | AA9: =SUM(D9:Z9) -> 0 | AB9: =AA9/AA9 -> #DIV/0!
C10: Delivered | D10: 0 | AA10: =SUM(D10:Z10) -> 0 | AB10: =AA10/AA9 -> #DIV/0!
C11: Opened | D11: 0 | AA11: =SUM(D11:Z11) -> 0 | AB11: =AA11/AA9 -> #DIV/0!
C12: Clicked | D12: 0 | AA12: =SUM(D12:Z12) -> 0 | AB12: =AA12/AA9 -> #DIV/0!
B13: Reminder Text | C13: Sent | D13: 0 | AA13: =SUM(D13:Z13) -> 0 | AB13: =AA13/AA13 -> #DIV/0!
C14: Delivered | D14: 0 | AA14: =SUM(D14:Z14) -> 0 | AB14: =AA14/AA13 -> #DIV/0!
A17: Campaign name
A18: Language | B18: Notification Type | C18: Metric | AA18: TOTALS | AB18: Percentages
A19: English | B19: Email 2 | C19: Sent | D19: 0 | AA19: =SUM(D19:Z19) -> 0 | AB19: =AA19/AA19 -> #DIV/0!
C20: Delivered | D20: 0 | AA20: =SUM(D20:Z20) -> 0 | AB20: =AA20/AA19 -> #DIV/0!
C21: Opened | D21: 0 | AA21: =SUM(D21:Z21) -> 0 | AB21: =AA21/AA19 -> #DIV/0!
C22: Clicked | D22: 0 | AA22: =SUM(D22:Z22) -> 0 | AB22: =AA22/AA19 -> #DIV/0!
B23: Text | C23: Sent | D23: 0 | AA23: =SUM(D23:Z23) -> 0 | AB23: =AA23/AA23 -> #DIV/0!
C24: Delivered | D24: 0 | AA24: =SUM(D24:Z24) -> 0 | AB24: =AA24/AA23 -> #DIV/0!
B25: Reminder Email | C25: Sent | D25: 0 | AA25: =SUM(D25:Z25) -> 0 | AB25: =AA25/AA25 -> #DIV/0!
C26: Delivered | D26: 0 | AA26: =SUM(D26:Z26) -> 0 | AB26: =AA26/AA25 -> #DIV/0!
C27: Opened | D27: 0 | AA27: =SUM(D27:Z27) -> 0 | AB27: =AA27/AA25 -> #DIV/0!
C28: Clicked | D28: 0 | AA28: =SUM(D28:Z28) -> 0 | AB28: =AA28/AA25 -> #DIV/0!
B29: Reminder Text | C29: Sent | D29: 0 | AA29: =SUM(D29:Z29) -> 0 | AB29: =AA29/AA29 -> #DIV/0!
C30: Delivered | D30: 0 | AA30: =SUM(D30:Z30) -> 0 | AB30: =AA30/AA29 -> #DIV/0!
